<?xml version="1.0" encoding="utf-8"?>
<list>
  
	<template id="1023400" name="Thrall of Wrath" iconId="10903" class="PLAYER_SUMMON" appearance="thrall_of_wrath_1" type="1023" level="38" attack="4500" defense="600" impact="400" balance="500" maxHp="27000" maxMp="300" atkSpd="110" geomRadius="20" geomHeight="40" runSpd="110" regHp="180" skills="42000;42001;42002;42003;42004;42005;42006;42007;42008;42009;42010;42011;42012;42013;42014;42015;42016;42017;42018;" >
    	<add stat="weakRcpt" order="0x40" val="20" />
		<add stat="dmgRcpt" order="0x40" val="60" />
		<add stat="stunRcpt" order="0x40" val="40" />
	</template>
	
	<template id="1023401" name="Thrall of Wrath" iconId="10903" class="PLAYER_SUMMON" appearance="thrall_of_wrath_2" type="1023" level="42" attack="7000" defense="1000" impact="600" balance="550" maxHp="30000" maxMp="300" atkSpd="110" geomRadius="20" geomHeight="40" runSpd="110" regHp="200" skills="42000;42001;42002;42003;42004;42005;42006;42007;42008;42009;42010;42011;42012;42013;42014;42015;42016;42017;42018;" >
    	<add stat="weakRcpt" order="0x40" val="20" />
		<add stat="dmgRcpt" order="0x40" val="60" />
		<add stat="stunRcpt" order="0x40" val="40" />
	</template>
	
	<template id="1023402" name="Thrall of Wrath" iconId="10903" class="PLAYER_SUMMON" appearance="thrall_of_wrath_3" type="1023" level="46" attack="19500" defense="1650" impact="1000" balance="650" maxHp="33000" maxMp="300" atkSpd="110" geomRadius="20" geomHeight="40" runSpd="110" regHp="220" skills="42000;42001;42002;42003;42004;42005;42006;42007;42008;42009;42010;42011;42012;42013;42014;42015;42016;42017;42018;" >
    	<add stat="weakRcpt" order="0x40" val="20" />
		<add stat="dmgRcpt" order="0x40" val="60" />
		<add stat="stunRcpt" order="0x40" val="40" />
	</template>
	
	<template id="1023403" name="Thrall of Wrath" iconId="10903" class="PLAYER_SUMMON" appearance="thrall_of_wrath_4" type="1023" level="50" attack="20400" defense="2100" impact="2050" balance="750" maxHp="37500" maxMp="300" atkSpd="110" geomRadius="20" geomHeight="40" runSpd="110" regHp="250" skills="42000;42001;42002;42003;42004;42005;42006;42007;42008;42009;42010;42011;42012;42013;42014;42015;42016;42017;42018;" >
    	<add stat="weakRcpt" order="0x40" val="20" />
		<add stat="dmgRcpt" order="0x40" val="60" />
		<add stat="stunRcpt" order="0x40" val="40" />
	</template>
	
	<template id="1023404" name="Thrall of Wrath" iconId="10903" class="PLAYER_SUMMON" appearance="thrall_of_wrath_5" type="1023" level="54" attack="52500" defense="3000" impact="4000" balance="1300" maxHp="40000" maxMp="300" atkSpd="110" geomRadius="20" geomHeight="40" runSpd="110" regHp="280" skills="42000;42001;42002;42003;42004;42005;42006;42007;42008;42009;42010;42011;42012;42013;42014;42015;42016;42017;42018;" >
    	<add stat="weakRcpt" order="0x40" val="20" />
		<add stat="dmgRcpt" order="0x40" val="60" />
		<add stat="stunRcpt" order="0x40" val="40" />
	</template>
	
	<template id="1023405" name="Thrall of Wrath" iconId="10903" class="PLAYER_SUMMON" appearance="thrall_of_wrath_6" type="1023" level="58" attack="97500" defense="6000" impact="5000" balance="2000" maxHp="45000" maxMp="300" atkSpd="110" geomRadius="20" geomHeight="40" runSpd="110" regHp="300" skills="42000;42001;42002;42003;42004;42005;42006;42007;42008;42009;42010;42011;42012;42013;42014;42015;42016;42017;42018;" >
    	<add stat="weakRcpt" order="0x40" val="20" />
		<add stat="dmgRcpt" order="0x40" val="60" />
		<add stat="stunRcpt" order="0x40" val="40" />
	</template>
	
</list>




