<?xml version="1.0" encoding="utf-8"?>
<list>
	<template id="1023300" name="Thrall of Vengeance" iconId="10905" class="PLAYER_SUMMON" appearance="thrall_of_vengeance_1" type="1023" level="12" attack="150" defense="120" impact="5" balance="80" maxHp="3000" maxMp="300" atkSpd="140" geomRadius="20" geomHeight="40" runSpd="130" regHp="30" critRate="100" skills="41000;41001;41002;41003;41004;41005;41006;41007;41008;41009;41010;41011;41012;41013;" >
    	<add stat="weakRcpt" order="0x40" val="60" />
		<add stat="dmgRcpt" order="0x40" val="40" />
		<add stat="stunRcpt" order="0x40" val="20" />
		<mul stat="cAtk" order="0x40" val="1.5" />
	</template>
	
	<template id="1023301" name="Thrall of Vengeance" iconId="10905" class="PLAYER_SUMMON" appearance="thrall_of_vengeance_2" type="1023" level="16" attack="210" defense="180" impact="10" balance="90" maxHp="3500" maxMp="300" atkSpd="140" geomRadius="20" geomHeight="40" runSpd="130" regHp="35" critRate="100" skills="41000;41001;41002;41003;41004;41005;41006;41007;41008;41009;41010;41011;41012;41013;" >
    	<add stat="weakRcpt" order="0x40" val="60" />
		<add stat="dmgRcpt" order="0x40" val="40" />
		<add stat="stunRcpt" order="0x40" val="20" />
		<mul stat="cAtk" order="0x40" val="1.5" />
	</template>
	
	<template id="1023302" name="Thrall of Vengeance" iconId="10905" class="PLAYER_SUMMON" appearance="thrall_of_vengeance_3" type="1023" level="20" attack="450" defense="240" impact="15" balance="100" maxHp="4500" maxMp="300" atkSpd="140" geomRadius="20" geomHeight="40" runSpd="130" regHp="45" critRate="100" skills="41000;41001;41002;41003;41004;41005;41006;41007;41008;41009;41010;41011;41012;41013;" >
    	<add stat="weakRcpt" order="0x40" val="60" />
		<add stat="dmgRcpt" order="0x40" val="40" />
		<add stat="stunRcpt" order="0x40" val="20" />
		<mul stat="cAtk" order="0x40" val="1.5" />
	</template>
	
	<template id="1023303" name="Thrall of Vengeance" iconId="10905" class="PLAYER_SUMMON" appearance="thrall_of_vengeance_4" type="1023" level="24" attack="670" defense="300" impact="25" balance="120" maxHp="5500" maxMp="300" atkSpd="140" geomRadius="20" geomHeight="40" runSpd="130" regHp="55" critRate="100" skills="41000;41001;41002;41003;41004;41005;41006;41007;41008;41009;41010;41011;41012;41013;" >
    	<add stat="weakRcpt" order="0x40" val="60" />
		<add stat="dmgRcpt" order="0x40" val="40" />
		<add stat="stunRcpt" order="0x40" val="20" />
		<mul stat="cAtk" order="0x40" val="1.5" />
	</template>
	
	<template id="1023304" name="Thrall of Vengeance" iconId="10905" class="PLAYER_SUMMON" appearance="thrall_of_vengeance_5" type="1023" level="28" attack="1000" defense="420" impact="40" balance="150" maxHp="7000" maxMp="300" atkSpd="140" geomRadius="20" geomHeight="40" runSpd="130" regHp="70" critRate="100" skills="41000;41001;41002;41003;41004;41005;41006;41007;41008;41009;41010;41011;41012;41013;" >
    	<add stat="weakRcpt" order="0x40" val="60" />
		<add stat="dmgRcpt" order="0x40" val="40" />
		<add stat="stunRcpt" order="0x40" val="20" />
		<mul stat="cAtk" order="0x40" val="1.5" />
	</template>
	
	<template id="1023305" name="Thrall of Vengeance" iconId="10905" class="PLAYER_SUMMON" appearance="thrall_of_vengeance_6" type="1023" level="32" attack="1500" defense="520" impact="60" balance="200" maxHp="9000" maxMp="300" atkSpd="140" geomRadius="20" geomHeight="40" runSpd="130" regHp="90" critRate="100" skills="41000;41001;41002;41003;41004;41005;41006;41007;41008;41009;41010;41011;41012;41013;" >
    	<add stat="weakRcpt" order="0x40" val="60" />
		<add stat="dmgRcpt" order="0x40" val="40" />
		<add stat="stunRcpt" order="0x40" val="20" />
		<mul stat="cAtk" order="0x40" val="1.5" />
	</template>
	
	<template id="1023306" name="Thrall of Vengeance" iconId="10905" class="PLAYER_SUMMON" appearance="thrall_of_vengeance_7" type="1023" level="36" attack="2200" defense="600" impact="80" balance="240" maxHp="12000" maxMp="300" atkSpd="140" geomRadius="20" geomHeight="40" runSpd="130" regHp="120" critRate="100" skills="41000;41001;41002;41003;41004;41005;41006;41007;41008;41009;41010;41011;41012;41013;" >
    	<add stat="weakRcpt" order="0x40" val="60" />
		<add stat="dmgRcpt" order="0x40" val="40" />
		<add stat="stunRcpt" order="0x40" val="20" />
		<mul stat="cAtk" order="0x40" val="1.5" />
	</template>
	
	<template id="1023307" name="Thrall of Vengeance" iconId="10905" class="PLAYER_SUMMON" appearance="thrall_of_vengeance_8" type="1023" level="40" attack="3000" defense="700" impact="100" balance="280" maxHp="15000" maxMp="300" atkSpd="140" geomRadius="20" geomHeight="40" runSpd="130" regHp="150" critRate="100" skills="41000;41001;41002;41003;41004;41005;41006;41007;41008;41009;41010;41011;41012;41013;" >
    	<add stat="weakRcpt" order="0x40" val="60" />
		<add stat="dmgRcpt" order="0x40" val="40" />
		<add stat="stunRcpt" order="0x40" val="20" />
		<mul stat="cAtk" order="0x40" val="1.5" />
	</template>
	
	<template id="1023308" name="Thrall of Vengeance" iconId="10905" class="PLAYER_SUMMON" appearance="thrall_of_vengeance_9" type="1023" level="44" attack="5200" defense="1000" impact="130" balance="350" maxHp="17000" maxMp="300" atkSpd="140" geomRadius="20" geomHeight="40" runSpd="130" regHp="170" critRate="100" skills="41000;41001;41002;41003;41004;41005;41006;41007;41008;41009;41010;41011;41012;41013;" >
    	<add stat="weakRcpt" order="0x40" val="60" />
		<add stat="dmgRcpt" order="0x40" val="40" />
		<add stat="stunRcpt" order="0x40" val="20" />
		<mul stat="cAtk" order="0x40" val="1.5" />
	</template>
	
	<template id="1023309" name="Thrall of Vengeance" iconId="10905" class="PLAYER_SUMMON" appearance="thrall_of_vengeance_10" type="1023" level="48" attack="11000" defense="1200" impact="150" balance="400" maxHp="19000" maxMp="300" atkSpd="140" geomRadius="20" geomHeight="40" runSpd="130" regHp="190" critRate="100" skills="41000;41001;41002;41003;41004;41005;41006;41007;41008;41009;41010;41011;41012;41013;" >
    	<add stat="weakRcpt" order="0x40" val="60" />
		<add stat="dmgRcpt" order="0x40" val="40" />
		<add stat="stunRcpt" order="0x40" val="20" />
		<mul stat="cAtk" order="0x40" val="1.5" />
	</template>
	
	<template id="1023310" name="Thrall of Vengeance" iconId="10905" class="PLAYER_SUMMON" appearance="thrall_of_vengeance_11" type="1023" level="52" attack="30000" defense="1800" impact="190" balance="800" maxHp="25000" maxMp="300" atkSpd="140" geomRadius="20" geomHeight="40" runSpd="130" regHp="250" critRate="100" skills="41000;41001;41002;41003;41004;41005;41006;41007;41008;41009;41010;41011;41012;41013;" >
    	<add stat="weakRcpt" order="0x40" val="60" />
		<add stat="dmgRcpt" order="0x40" val="40" />
		<add stat="stunRcpt" order="0x40" val="20" />
		<mul stat="cAtk" order="0x40" val="1.5" />
	</template>
	
	<template id="1023311" name="Thrall of Vengeance" iconId="10905" class="PLAYER_SUMMON" appearance="thrall_of_vengeance_12" type="1023" level="56" attack="60000" defense="2700" impact="240" balance="1200" maxHp="30000" maxMp="300" atkSpd="140" geomRadius="20" geomHeight="40" runSpd="130" regHp="300" critRate="100" skills="41000;41001;41002;41003;41004;41005;41006;41007;41008;41009;41010;41011;41012;41013;" >
    	<add stat="weakRcpt" order="0x40" val="60" />
		<add stat="dmgRcpt" order="0x40" val="40" />
		<add stat="stunRcpt" order="0x40" val="20" />
		<mul stat="cAtk" order="0x40" val="1.5" />
	</template>
</list>




