<?xml version="1.0" encoding="utf-8"?>
<list>

	<template id="1023200" name="Thrall of Life" iconId="10907" class="PLAYER_SUMMON" appearance="thrall_of_life_1" type="1023" level="16" attack="80" defense="280" impact="10" balance="100" maxHp="4000" maxMp="300" atkSpd="140" geomRadius="20" geomHeight="40" runSpd="100" regHp="40" skills="43000;43001;43002;43003;43004;43005;43006;43007;43008;43009;43010;" >
		<add stat="weakRcpt" order="0x40" val="60" />
		<add stat="dmgRcpt" order="0x40" val="40" />
		<add stat="stunRcpt" order="0x40" val="20" />
		<mul stat="healPowerPercent" order="0x30" val="10" />
	</template>
	
	<template id="1023201" name="Thrall of Life" iconId="10907" class="PLAYER_SUMMON" appearance="thrall_of_life_2" type="1023" level="20" attack="150" defense="360" impact="10" balance="120" maxHp="5000" maxMp="300" atkSpd="140" geomRadius="20" geomHeight="40" runSpd="100" regHp="50" skills="43000;43001;43002;43003;43004;43005;43006;43007;43008;43009;43010;" >
		<add stat="weakRcpt" order="0x40" val="60" />
		<add stat="dmgRcpt" order="0x40" val="40" />
		<add stat="stunRcpt" order="0x40" val="20" />
		<mul stat="healPowerPercent" order="0x30" val="14" />
	</template>
	
	<template id="1023202" name="Thrall of Life" iconId="10907" class="PLAYER_SUMMON" appearance="thrall_of_life_3" type="1023" level="24" attack="250" defense="480" impact="10" balance="150" maxHp="6000" maxMp="300" atkSpd="140" geomRadius="20" geomHeight="40" runSpd="100" regHp="60" skills="43000;43001;43002;43003;43004;43005;43006;43007;43008;43009;43010;" >
		<add stat="weakRcpt" order="0x40" val="60" />
		<add stat="dmgRcpt" order="0x40" val="40" />
		<add stat="stunRcpt" order="0x40" val="20" />
		<mul stat="healPowerPercent" order="0x30" val="18" />
	</template>
	
	<template id="1023203" name="Thrall of Life" iconId="10907" class="PLAYER_SUMMON" appearance="thrall_of_life_4" type="1023" level="28" attack="400" defense="600" impact="10" balance="200" maxHp="8000" maxMp="300" atkSpd="140" geomRadius="20" geomHeight="40" runSpd="100" regHp="80" skills="43000;43001;43002;43003;43004;43005;43006;43007;43008;43009;43010;" >
		<add stat="weakRcpt" order="0x40" val="60" />
		<add stat="dmgRcpt" order="0x40" val="40" />
		<add stat="stunRcpt" order="0x40" val="20" />
		<mul stat="healPowerPercent" order="0x30" val="24" />
	</template>
	
	<template id="1023204" name="Thrall of Life" iconId="10907" class="PLAYER_SUMMON" appearance="thrall_of_life_5" type="1023" level="32" attack="700" defense="800" impact="10" balance="250" maxHp="10000" maxMp="300" atkSpd="140" geomRadius="20" geomHeight="40" runSpd="100" regHp="100" skills="43000;43001;43002;43003;43004;43005;43006;43007;43008;43009;43010;" >
		<add stat="weakRcpt" order="0x40" val="60" />
		<add stat="dmgRcpt" order="0x40" val="40" />
		<add stat="stunRcpt" order="0x40" val="20" />
		<mul stat="healPowerPercent" order="0x30" val="28" />
	</template>
	
	<template id="1023205" name="Thrall of Life" iconId="10907" class="PLAYER_SUMMON" appearance="thrall_of_life_6" type="1023" level="36" attack="1000" defense="1000" impact="10" balance="300" maxHp="14000" maxMp="300" atkSpd="140" geomRadius="20" geomHeight="40" runSpd="100" regHp="140" skills="43000;43001;43002;43003;43004;43005;43006;43007;43008;43009;43010;" >
		<add stat="weakRcpt" order="0x40" val="60" />
		<add stat="dmgRcpt" order="0x40" val="40" />
		<add stat="stunRcpt" order="0x40" val="20" />
		<mul stat="healPowerPercent" order="0x30" val="32" />
	</template>
	
	<template id="1023206" name="Thrall of Life" iconId="10907" class="PLAYER_SUMMON" appearance="thrall_of_life_7" type="1023" level="40" attack="1400" defense="1200" impact="10" balance="350" maxHp="16000" maxMp="300" atkSpd="140" geomRadius="20" geomHeight="40" runSpd="100" regHp="160" skills="43000;43001;43002;43003;43004;43005;43006;43007;43008;43009;43010;" >
		<add stat="weakRcpt" order="0x40" val="60" />
		<add stat="dmgRcpt" order="0x40" val="40" />
		<add stat="stunRcpt" order="0x40" val="20" />
		<mul stat="healPowerPercent" order="0x30" val="36" />
	</template>
	
	<template id="1023207" name="Thrall of Life" iconId="10907" class="PLAYER_SUMMON" appearance="thrall_of_life_8" type="1023" level="44" attack="2500" defense="1300" impact="10" balance="400" maxHp="19000" maxMp="300" atkSpd="140" geomRadius="20" geomHeight="40" runSpd="100" regHp="190" skills="43000;43001;43002;43003;43004;43005;43006;43007;43008;43009;43010;" >
		<add stat="weakRcpt" order="0x40" val="60" />
		<add stat="dmgRcpt" order="0x40" val="40" />
		<add stat="stunRcpt" order="0x40" val="20" />
		<mul stat="healPowerPercent" order="0x30" val="40" />
	</template>
	
	<template id="1023208" name="Thrall of Life" iconId="10907" class="PLAYER_SUMMON" appearance="thrall_of_life_9" type="1023" level="48" attack="4000" defense="1600" impact="10" balance="500" maxHp="22000" maxMp="300" atkSpd="140" geomRadius="20" geomHeight="40" runSpd="100" regHp="220" skills="43000;43001;43002;43003;43004;43005;43006;43007;43008;43009;43010;" >
		<add stat="weakRcpt" order="0x40" val="60" />
		<add stat="dmgRcpt" order="0x40" val="40" />
		<add stat="stunRcpt" order="0x40" val="20" />
		<mul stat="healPowerPercent" order="0x30" val="44" />
	</template>
	
	<template id="1023209" name="Thrall of Life" iconId="10907" class="PLAYER_SUMMON" appearance="thrall_of_life_10" type="1023" level="52" attack="10000" defense="2800" impact="10" balance="900" maxHp="27000" maxMp="300" atkSpd="140" geomRadius="20" geomHeight="40" runSpd="100" regHp="270" skills="43000;43001;43002;43003;43004;43005;43006;43007;43008;43009;43010;" >
		<add stat="weakRcpt" order="0x40" val="60" />
		<add stat="dmgRcpt" order="0x40" val="40" />
		<add stat="stunRcpt" order="0x40" val="20" />
		<mul stat="healPowerPercent" order="0x30" val="48" />
	</template>

	<template id="1023210" name="Thrall of Life" iconId="10907" class="PLAYER_SUMMON" appearance="thrall_of_life_11" type="1023" level="56" attack="20000" defense="4000" impact="10" balance="1400" maxHp="33000" maxMp="300" atkSpd="140" geomRadius="20" geomHeight="40" runSpd="100" regHp="330" skills="43000;43001;43002;43003;43004;43005;43006;43007;43008;43009;43010;" >
		<add stat="weakRcpt" order="0x40" val="60" />
		<add stat="dmgRcpt" order="0x40" val="40" />
		<add stat="stunRcpt" order="0x40" val="20" />
		<mul stat="healPowerPercent" order="0x30" val="52" />
	</template>
</list>




