<?xml version="1.0" encoding="utf-8"?>
<list>
	<template id="1023000" name="Thrall of Protection" iconId="10902" class="PLAYER_SUMMON" appearance="thrall_of_protection_1" type="1023" level="4" attack="15" defense="180" impact="10" balance="40" maxHp="3000" maxMp="300" atkSpd="80" geomRadius="20" geomHeight="40" runSpd="110" regHp="30" skills="40000;40001;40002;40003;40004;40005;40006;40007;40008;" >
    	<add stat="weakRcpt" order="0x40" val="20" />
		<add stat="dmgRcpt" order="0x40" val="40" />
		<add stat="stunRcpt" order="0x40" val="60" />
		<add stat="maxDamDef" order="0x40" val="300" />
		<mul stat="agrMod" order="0x40" val="10" />
	</template>
	
	<template id="1023001" name="Thrall of Protection" iconId="10902" class="PLAYER_SUMMON" appearance="thrall_of_protection_2" type="1023" level="8" attack="25" defense="210" impact="15" balance="80" maxHp="4500" maxMp="300" atkSpd="80" geomRadius="20" geomHeight="40" runSpd="110" regHp="45" skills="40000;40001;40002;40003;40004;40005;40006;40007;40008;" >
    	<add stat="weakRcpt" order="0x40" val="20" />
		<add stat="dmgRcpt" order="0x40" val="40" />
		<add stat="stunRcpt" order="0x40" val="60" />
		<add stat="maxDamDef" order="0x40" val="600" />
		<mul stat="agrMod" order="0x40" val="10" />
	</template>
	
	<template id="1023002" name="Thrall of Protection" iconId="10902" class="PLAYER_SUMMON" appearance="thrall_of_protection_3" type="1023" level="12" attack="70" defense="310" impact="30" balance="150" maxHp="7500" maxMp="300" atkSpd="80" geomRadius="20" geomHeight="40" runSpd="110" regHp="75" skills="40000;40001;40002;40003;40004;40005;40006;40007;40008;" >
    	<add stat="weakRcpt" order="0x40" val="20" />
		<add stat="dmgRcpt" order="0x40" val="40" />
		<add stat="stunRcpt" order="0x40" val="60" />
		<add stat="maxDamDef" order="0x40" val="900" />
		<mul stat="agrMod" order="0x40" val="10" />
	</template>
	
	<template id="1023003" name="Thrall of Protection" iconId="10902" class="PLAYER_SUMMON" appearance="thrall_of_protection_4" type="1023" level="16" attack="140" defense="370" impact="40" balance="180" maxHp="10500" maxMp="300" atkSpd="80" geomRadius="20" geomHeight="40" runSpd="110" regHp="105" skills="40000;40001;40002;40003;40004;40005;40006;40007;40008;" >
    	<add stat="weakRcpt" order="0x40" val="20" />
		<add stat="dmgRcpt" order="0x40" val="40" />
		<add stat="stunRcpt" order="0x40" val="60" />
		<add stat="maxDamDef" order="0x40" val="1300" />
		<mul stat="agrMod" order="0x40" val="10" />
	</template>
	
	<template id="1023004" name="Thrall of Protection" iconId="10902" class="PLAYER_SUMMON" appearance="thrall_of_protection_5" type="1023" level="20" attack="250" defense="480" impact="50" balance="200" maxHp="15000" maxMp="300" atkSpd="80" geomRadius="20" geomHeight="40" runSpd="110" regHp="150" skills="40000;40001;40002;40003;40004;40005;40006;40007;40008;" >
    	<add stat="weakRcpt" order="0x40" val="20" />
		<add stat="dmgRcpt" order="0x40" val="40" />
		<add stat="stunRcpt" order="0x40" val="60" />
		<add stat="maxDamDef" order="0x40" val="1900" />
		<mul stat="agrMod" order="0x40" val="10" />
	</template>
	
	<template id="1023005" name="Thrall of Protection" iconId="10902" class="PLAYER_SUMMON" appearance="thrall_of_protection_6" type="1023" level="24" attack="400" defense="750" impact="60" balance="300" maxHp="18000" maxMp="300" atkSpd="80" geomRadius="20" geomHeight="40" runSpd="110" regHp="180" skills="40000;40001;40002;40003;40004;40005;40006;40007;40008;" >
    	<add stat="weakRcpt" order="0x40" val="20" />
		<add stat="dmgRcpt" order="0x40" val="40" />
		<add stat="stunRcpt" order="0x40" val="60" />
		<add stat="maxDamDef" order="0x40" val="2400" />
		<mul stat="agrMod" order="0x40" val="10" />
	</template>
	
	<template id="1023006" name="Thrall of Protection" iconId="10902" class="PLAYER_SUMMON" appearance="thrall_of_protection_7" type="1023" level="28" attack="600" defense="900" impact="80" balance="350" maxHp="22000" maxMp="300" atkSpd="80" geomRadius="20" geomHeight="40" runSpd="110" regHp="220" skills="40000;40001;40002;40003;40004;40005;40006;40007;40008;" >
    	<add stat="weakRcpt" order="0x40" val="20" />
		<add stat="dmgRcpt" order="0x40" val="40" />
		<add stat="stunRcpt" order="0x40" val="60" />
		<add stat="maxDamDef" order="0x40" val="3000" />
		<mul stat="agrMod" order="0x40" val="10" />
	</template>
	
	<template id="1023007" name="Thrall of Protection" iconId="10902" class="PLAYER_SUMMON" appearance="thrall_of_protection_8" type="1023" level="32" attack="900" defense="1100" impact="100" balance="450" maxHp="27000" maxMp="300" atkSpd="80" geomRadius="20" geomHeight="40" runSpd="110" regHp="270" skills="40000;40001;40002;40003;40004;40005;40006;40007;40008;" >
    	<add stat="weakRcpt" order="0x40" val="20" />
		<add stat="dmgRcpt" order="0x40" val="40" />
		<add stat="stunRcpt" order="0x40" val="60" />
		<add stat="maxDamDef" order="0x40" val="3500" />
		<mul stat="agrMod" order="0x40" val="10" />
	</template>
	
	<template id="1023008" name="Thrall of Protection" iconId="10902" class="PLAYER_SUMMON" appearance="thrall_of_protection_9" type="1023" level="36" attack="1300" defense="1350" impact="110" balance="500" maxHp="30000" maxMp="300" atkSpd="80" geomRadius="20" geomHeight="40" runSpd="110" regHp="300" skills="40000;40001;40002;40003;40004;40005;40006;40007;40008;" >
    	<add stat="weakRcpt" order="0x40" val="20" />
		<add stat="dmgRcpt" order="0x40" val="40" />
		<add stat="stunRcpt" order="0x40" val="60" />
		<add stat="maxDamDef" order="0x40" val="4000" />
		<mul stat="agrMod" order="0x40" val="10" />
	</template>
	
	<template id="1023009" name="Thrall of Protection" iconId="10902" class="PLAYER_SUMMON" appearance="thrall_of_protection_10" type="1023" level="40" attack="1700" defense="1800" impact="150" balance="600" maxHp="33000" maxMp="300" atkSpd="80" geomRadius="20" geomHeight="40" runSpd="110" regHp="330" skills="40000;40001;40002;40003;40004;40005;40006;40007;40008;" >
    	<add stat="weakRcpt" order="0x40" val="20" />
		<add stat="dmgRcpt" order="0x40" val="40" />
		<add stat="stunRcpt" order="0x40" val="60" />
		<add stat="maxDamDef" order="0x40" val="4500" />
		<mul stat="agrMod" order="0x40" val="10" />
	</template>
	
	<template id="1023010" name="Thrall of Protection" iconId="10902" class="PLAYER_SUMMON" appearance="thrall_of_protection_11" type="1023" level="44" attack="4600" defense="3500" impact="200" balance="650" maxHp="36000" maxMp="300" atkSpd="80" geomRadius="20" geomHeight="40" runSpd="110" regHp="360" skills="40000;40001;40002;40003;40004;40005;40006;40007;40008;" >
    	<add stat="weakRcpt" order="0x40" val="20" />
		<add stat="dmgRcpt" order="0x40" val="40" />
		<add stat="stunRcpt" order="0x40" val="60" />
		<add stat="maxDamDef" order="0x40" val="5000" />
		<mul stat="agrMod" order="0x40" val="10" />
	</template>
	
	<template id="1023011" name="Thrall of Protection" iconId="10902" class="PLAYER_SUMMON" appearance="thrall_of_protection_12" type="1023" level="48" attack="13000" defense="7000" impact="230" balance="750" maxHp="42000" maxMp="300" atkSpd="80" geomRadius="20" geomHeight="40" runSpd="110" regHp="420" skills="40000;40001;40002;40003;40004;40005;40006;40007;40008;" >
    	<add stat="weakRcpt" order="0x40" val="20" />
		<add stat="dmgRcpt" order="0x40" val="40" />
		<add stat="stunRcpt" order="0x40" val="60" />
		<add stat="maxDamDef" order="0x40" val="5400" />
		<mul stat="agrMod" order="0x40" val="10" />
	</template>
	
	<template id="1023012" name="Thrall of Protection" iconId="10902" class="PLAYER_SUMMON" appearance="thrall_of_protection_13" type="1023" level="52" attack="25000" defense="10000" impact="270" balance="850" maxHp="45000" maxMp="300" atkSpd="80" geomRadius="20" geomHeight="40" runSpd="110" regHp="450" skills="40000;40001;40002;40003;40004;40005;40006;40007;40008;" >
    	<add stat="weakRcpt" order="0x40" val="20" />
		<add stat="dmgRcpt" order="0x40" val="40" />
		<add stat="stunRcpt" order="0x40" val="60" />
		<add stat="maxDamDef" order="0x40" val="5900" />
		<mul stat="agrMod" order="0x40" val="10" />
	</template>
	
	<template id="1023013" name="Thrall of Protection" iconId="10902" class="PLAYER_SUMMON" appearance="thrall_of_protection_14" type="1023" level="56" attack="35000" defense="12000" impact="300" balance="1000" maxHp="50000" maxMp="300" atkSpd="80" geomRadius="20" geomHeight="40" runSpd="110" regHp="500" skills="40000;40001;40002;40003;40004;40005;40006;40007;40008;" >
    	<add stat="weakRcpt" order="0x40" val="20" />
		<add stat="dmgRcpt" order="0x40" val="40" />
		<add stat="stunRcpt" order="0x40" val="60" />
		<add stat="maxDamDef" order="0x40" val="6500" />
		<mul stat="agrMod" order="0x40" val="10" />
	</template>
</list>




